entry_time,exit_time,entry_price,exit_price,profit_pct,profit_usd,capital_after
181,184,16933.03,16936.87,0.02267757158642101,2.2677571586421013,10002.267757158643
214,215,17204.83,17178.26,-0.15443337713888103,-15.446839887853503,9986.820917270788
294,300,18852.68,18864.59,0.06317404209905358,6.309078450633737,9993.129995721421
302,319,18996.27,20897.36,10.007701511928396,1000.0826216707826,10993.212617392204
360,367,20966.58,21109.23,0.680368472111321,74.7943527209003,11068.006970113105
540,541,22910.74,22798.41,-0.49029407168865663,-54.26578202855186,11013.741188084554
543,547,22853.14,22792.47,-0.2654777417895232,-29.23903139266948,10984.502156691884
557,559,23118.17,23054.08,-0.27722782555884184,-30.452096477460998,10954.050060214424
696,697,23751.43,23670.08,-0.3425056933414053,-37.518245107702036,10916.531815106722
699,700,23701.44,23717.76,0.06885657580298796,7.516750004326258,10924.048565111048
701,702,23728.71,23692.38,-0.15310566819687252,-16.725337549764134,10907.323227561285
732,740,22895.15,23095.41,0.8746830660642031,95.40450923236604,11002.727736793651
764,773,23573.11,23804.61,0.9820511591385269,108.05241527603826,11110.78015206969
897,903,23011.79,22904.89,-0.46454447915612584,-51.61451578761435,11059.165636282076
936,938,22980.64,22806.76,-0.7566368908785875,-83.67772702747786,10975.487909254598
944,950,22720.65,22694.29,-0.11601780758913403,-12.733520444527668,10962.75438881007
988,994,21686.79,21670.32,-0.0759448493760541,-8.325647308048568,10954.42874150202
1032,1033,21811.28,21708.4,-0.4716825422441846,-51.67012797624437,10902.758613525777
1034,1040,21758.01,21720.67,-0.17161495927247092,-18.710764754178076,10884.0478487716
1052,1064,21662.68,21694.92,0.14882738423869052,16.198443712614235,10900.246292484213
1097,1110,22805.48,24586.08,7.807772517833443,851.0664344007412,11751.312726884955
1111,1112,24612.95,24580.34,-0.13249122921064146,-15.569458680236428,11735.743268204718
1213,1216,24855.25,24884.2,0.11647438669899006,13.669134996209458,11749.412403200928
1233,1234,24799.99,24702.72,-0.39221790008786467,-46.08329860049779,11703.32910460043
1236,1237,24634.0,24569.8,-0.2606154095964956,-30.50067908238029,11672.82842551805
1238,1239,24684.93,24558.09,-0.5138357694350364,-59.97916775509232,11612.849257762957
1251,1252,24201.85,24155.23,-0.1926299022595338,-22.369820174775782,11590.479437588181
1336,1338,23012.55,22979.3,-0.14448637808500145,-16.746663942058007,11573.732773646123
1339,1340,22983.05,22922.58,-0.26310694185496497,-30.451294359206127,11543.281479286918
1404,1411,23454.54,23264.36,-0.8108451498089508,-93.59813800359288,11449.683341283324
1444,1445,23536.33,23445.71,-0.38502179396703995,-44.083776204154375,11405.59956507917
1510,1518,22305.98,22415.73,0.49202052543757324,56.1178909094081,11461.717455988579
1584,1588,22245.86,22141.79,-0.4678173826500738,-53.61990660935239,11408.097549379227
1684,1685,20386.99,20354.68,-0.15848342496857706,-18.079943720012505,11390.017605659214
1687,1693,20346.71,20383.95,0.183027133133571,20.846822687047066,11410.86442834626
1801,1814,25666.59,26283.0,2.4016045762214606,274.04384229759063,11684.908270643851
1880,1885,28313.85,27822.73,-1.7345574692244219,-202.68144918047514,11482.226821463377
1889,1891,27626.96,27785.1,0.5724118759356782,65.72562994792811,11547.952451411305
1900,1901,27906.81,27801.41,-0.37768559000473884,-43.61495234957949,11504.337499061727
1904,1910,27646.65,27887.98,0.8729086525853876,100.4223574519352,11604.759856513661
1912,1913,28343.92,27988.69,-1.2532846550512404,-145.44067453723207,11459.319181976429
1914,1916,28128.77,28077.28,-0.18305101858347023,-20.97640048533884,11438.34278149109
1952,1956,27632.02,27469.99,-0.5863849258939405,-67.07271784274143,11371.27006364835
1958,1962,28045.3,27903.8,-0.5045408678102926,-57.3727046601834,11313.897358988166
2041,2042,27879.16,27888.68,0.03414737029379808,3.8633984258339304,11317.760757414
2043,2044,27906.98,27715.18,-0.6872832531502845,-77.78507431732122,11239.97568309668
2138,2140,28168.41,28034.52,-0.4753196932308193,-53.42581793611382,11186.549865160567
2154,2155,28469.31,28391.8,-0.27225809125687284,-30.456287140384443,11156.093578020182
2213,2221,27779.48,27995.04,0.7759684486534713,86.56776626769273,11242.661344287875
2280,2281,28064.46,28039.73,-0.08811856704173024,-9.906872073941,11232.754472213934
2282,2283,28128.42,28068.91,-0.21156538476031858,-23.7646202183213,11208.989851995613
2324,2327,27891.13,27880.27,-0.03893711011350412,-4.364456721283035,11204.62539527433
2380,2381,28282.16,28277.94,-0.014921066849212237,-1.6718496454326937,11202.953545628898
2382,2387,28284.57,28277.86,-0.02372318193276096,-2.6576970514722382,11200.295848577425
2389,2404,28305.43,29883.84,5.576350544754133,624.5677585662218,11824.863607143647
2448,2453,30065.13,30016.54,-0.1616157987675428,-19.11084777185768,11805.75275937179
2480,2481,30794.16,30766.01,-0.09141343683348224,-10.792044341405418,11794.960715030384
2482,2483,30801.89,30616.98,-0.6003203050202435,-70.8075441414883,11724.153170888896
2517,2518,30350.98,30295.09,-0.18414561902119608,-21.589514431526545,11702.563656457369
2564,2566,29452.22,29430.27,-0.07452748892952968,-8.72162683353743,11693.842029623831
2572,2584,29542.14,30025.51,1.636205095500864,191.3352391485268,11885.177268772357
2688,2689,27551.15,27592.02,0.148342265204897,17.630741184114424,11902.808009956472
2691,2692,27605.82,27585.14,-0.07491173962592051,-8.916600544591804,11893.89140941188
2693,2697,27588.14,27527.61,-0.21940587513329582,-26.09589653422403,11867.795512877658
2724,2726,27624.25,27267.05,-1.2930667800935798,-153.45852130645747,11714.3369915712
2728,2729,27381.49,27339.9,-0.15189093069807427,-17.79301548160629,11696.543976089593
2730,2736,27383.29,27403.24,0.07285464967869357,8.521476138294409,11705.065452227887
2760,2778,28392.01,27884.24,-1.7884256873676674,-209.33639727084196,11495.729054957046
2908,2909,28000.01,27999.1,-0.0032499988392856094,-0.3736110608535226,11495.355443896193
2910,2912,28057.47,27983.2,-0.26470668951976223,-30.42897484406738,11464.926469052125
2933,2937,28600.02,28573.49,-0.09276217289358132,-10.6351149133441,11454.29135413878
3052,3053,28260.47,28170.75,-0.31747525784249575,-36.36454101058279,11417.926813128199
3056,3057,27914.94,27936.14,0.07594499576212856,8.671344034353151,11426.598157162553
3060,3063,27855.78,27867.2,0.04099687748826955,4.684548447568798,11431.282705610121
3072,3075,27701.39,27608.96,-0.3336655669625253,-38.142254250763116,11393.140451359359
3147,3148,26654.19,26276.67,-1.416362680689229,-161.36818951156235,11231.772261847796
3229,3234,27404.71,27418.24,0.0493710752640786,5.545246736886779,11237.317508584683
3316,3318,26876.45,26851.38,-0.09327868821961124,-10.482022363080494,11226.835486221602
3385,3386,26649.67,26644.8,-0.018274147484749273,-2.0516084746223036,11224.783877746979
3387,3395,26691.67,26731.6,0.14959723389357166,16.79196619164107,11241.575843938619
3448,3449,26285.01,26220.55,-0.2452348315636902,-27.56825958598736,11214.007584352632
3450,3455,26252.33,26236.47,-0.0604136851852791,-6.774795238664121,11207.232789113968
3458,3459,26183.72,26224.39,0.15532552288215062,17.407692930311107,11224.64048204428
3517,3519,26666.87,26664.07,-0.010499919938107742,-1.1785782639550806,11223.461903780326
3573,3580,27689.22,27753.38,0.23171472508073487,26.006413894885593,11249.468317675211
3590,3591,27673.08,27713.43,0.14580957378072315,16.40280180659971,11265.871119481812
3621,3623,27183.98,27065.77,-0.43485170309866,-48.98983243196673,11216.881287049844
3648,3659,26811.9,27095.42,1.0574409124306623,118.6118918280441,11335.493178877889
3745,3750,25764.76,25722.33,-0.16468230249378088,-18.66755116600158,11316.825627711887
4020,4021,26551.15,26496.62,-0.20537716822059487,-23.242176006657232,11293.58345170523
4023,4024,26473.14,26423.42,-0.18781300593734315,-21.210818558689947,11272.37263314654
4068,4069,26535.17,26423.23,-0.42185522082578963,-47.55309246386622,11224.819540682674
4070,4073,26444.0,26496.0,0.19664196036908183,22.07270519269018,11246.892245875364
4088,4089,26780.56,26775.98,-0.017101957539355957,-1.9234387363867225,11244.968807138977
4090,4092,26907.99,26812.01,-0.35669702567900163,-40.110469273596244,11204.85833786538
4096,4111,27796.0,28824.41,3.699848899122175,414.5628278617115,11619.421165727092
4220,4222,30451.52,30462.66,0.0365827387269976,4.2507024866474,11623.67186821374
4261,4262,30808.63,30498.74,-1.005854528422716,-116.9172298554252,11506.754638358314
4263,4265,30710.65,30686.32,-0.07922333131992239,-9.116034351317143,11497.638604006997
4280,4281,30304.42,30337.62,0.10955497580881182,12.596235191204476,11510.234839198201
4304,4309,30433.33,30450.01,0.05480833020900655,6.308567518499864,11516.5434067167
4371,4372,30527.67,30481.27,-0.15199325726463178,-17.504369448163903,11499.039037268536
4392,4396,30660.86,30673.62,0.04161657566029915,4.785506281152196,11503.824543549688
4398,4399,30667.19,30640.12,-0.08827023277972228,-10.154452703162132,11493.670090846526
4401,4402,30640.09,30625.22,-0.048531189040237746,-5.578014759449993,11488.092076087076
4403,4412,30653.06,31050.23,1.2956944592154853,148.85057249943344,11636.94264858651
4416,4419,31288.8,31058.0,-0.7376441410344893,-85.83922564284211,11551.103422943668
4478,4479,30407.01,30313.99,-0.30591630022155025,-35.336708226234116,11515.766714717434
4561,4563,30200.0,30118.07,-0.27129139072847774,-31.241283673404062,11484.52543104403
4588,4591,30456.0,30495.91,0.13104150249540272,15.049494679306724,11499.574925723336
4594,4595,30404.31,30433.05,0.09452607212595175,10.870096488467103,11510.445022211803
4761,4762,29990.65,29884.01,-0.3555774883172024,-40.92855130411318,11469.516470907689
4764,4766,29831.99,29912.0,0.26820202071668164,30.761474941407055,11500.277945849097
4816,4817,29756.73,29687.84,-0.2315106532202948,-26.624368594584745,11473.653577254512
4818,4819,29756.0,29739.72,-0.054711654792306885,-6.277425737252658,11467.37615151726
4837,4842,29881.07,29875.99,-0.017000729893534967,-1.949537645395094,11465.426613871865
5035,5040,29355.23,29326.73,-0.09708661795530132,-11.13139493355522,11454.29521893831
5083,5085,29208.27,29209.99,0.005888743153912108,0.6745140255341117,11454.969732963844
5086,5088,29232.25,29200.54,-0.10847608377733198,-12.42590256419788,11442.543830399645
5099,5100,28878.57,28869.02,-0.033069504480309354,-3.783992544655372,11438.75983785499
5387,5388,29389.99,29375.99,-0.04763526629304739,-5.44888370938438,11433.310954145605
5412,5417,29384.92,29330.01,-0.1868645550166543,-21.364805638134577,11411.94614850747
5448,5451,29245.47,29208.37,-0.1268572534481483,-14.47688144897832,11397.469267058492
5457,5458,29197.33,29164.67,-0.11185954332126768,-12.749157072313464,11384.720109986178
5560,5561,26124.18,26113.81,-0.0396950258342998,-4.5191675888217375,11380.200942397356
5562,5567,26137.25,26142.0,0.018173296731676055,2.0681576859228663,11382.269100083278
5616,5623,26049.41,26037.99,-0.043839764509055114,-4.989959969263456,11377.279140114015
5673,5677,26088.01,25833.58,-0.9752756151197299,-110.95982911763568,11266.31931099638
5678,5679,25932.01,25935.33,0.012802709855515817,1.4423941727828151,11267.761705169163
5681,5682,26052.01,25972.36,-0.305734567121684,-34.44944247360182,11233.312262695561
5683,5692,26060.84,26062.0,0.004451122834106094,0.5000085271512821,11233.812271222712
5833,5836,26058.62,26027.27,-0.12030568003984303,-13.51491424729382,11220.297356975418
5888,5891,25905.02,25896.06,-0.034587890686821034,-3.880864184566927,11216.416492790851
6049,6050,25853.35,25861.39,0.031098484335689083,3.4881355260362095,11219.904628316888
6052,6053,25847.81,25852.01,0.016248958809265038,1.8231176814940326,11221.727745998382
6054,6056,25852.25,25830.01,-0.08602732837567949,-9.653752577474764,11212.073993420907
6100,6111,25773.08,26109.32,1.3046170655583187,146.27463072119525,11358.348624142101
6133,6136,26214.37,26094.13,-0.45867972413602914,-52.09844213562345,11306.250182006477
6198,6199,26494.5,26508.08,0.05125592104022248,5.7951226658992505,11312.045304672376
6244,6256,26647.45,26760.49,0.4242056932276855,47.9863402029153,11360.031644875291
6338,6341,26627.77,26619.99,-0.029217617547390693,-3.319130599262219,11356.712514276029
6484,6487,26449.95,26410.0,-0.15103998306235258,-17.15317665800259,11339.559337618026
6581,6589,28101.59,28307.69,0.7334104582694378,83.16551410375921,11422.724851721785
6628,6636,27407.18,27420.0,0.04677606379058228,5.343101063264077,11428.06795278505
6692,6694,28042.37,27931.09,-0.3968280855006151,-45.34978326674625,11382.718169518304
6788,6790,27425.71,27390.12,-0.1297687461874283,-14.771210650632495,11367.946958867671
6791,6793,27462.46,27120.93,-1.2436249338187433,-141.37462284376792,11226.572336023903
6795,6796,27123.6,27113.68,-0.036573316226453184,-4.105929801845534,11222.466406222056
6809,6810,26690.4,26763.2,0.27275724605101187,30.61009030861124,11253.076496530668
6812,6822,26728.44,26810.66,0.307612415838714,34.61586046715651,11287.692356997824
6870,6871,26868.8,26866.04,-0.010272137200017862,-1.1594872456267464,11286.532869752198
6916,6935,27916.44,28278.09,1.2954732050361775,146.21400910524048,11432.746878857439
6954,6957,28516.47,28416.91,-0.34913157203539325,-39.91532890498233,11392.831549952456
6961,6966,28471.15,28494.55,0.08218846095081447,9.363592909624746,11402.195142862081
7013,7019,29282.6,29509.21,0.7738725386406965,88.23845701283298,11490.433599874914
7128,7130,34195.93,33999.39,-0.5747467607987291,-66.04089491700988,11424.392704957903
7144,7148,34660.15,34552.75,-0.30986594114567145,-35.400301975395244,11388.992402982509
7181,7182,34240.0,33942.0,-0.8703271028037384,-99.12148761941553,11289.870915363093
7183,7185,34084.72,34066.2,-0.054335197707371725,-6.134373682769595,11283.736541680324
7225,7226,34032.2,33970.87,-0.18021168187773484,-20.334611400414662,11263.40193027991
7227,7228,34020.01,34032.35,0.03627277005502499,4.085547882543677,11267.487478162453
7237,7244,34479.99,34437.44,-0.12340490818006512,-13.90463257662671,11253.582845585826
7245,7246,34702.45,34525.89,-0.5087825211188193,-57.256262517966526,11196.32658306786
7276,7277,34282.21,34246.67,-0.10366892916180395,-11.607111874124843,11184.719471193734
7279,7283,34400.92,34297.16,-0.301619840399602,-33.735333018157746,11150.984138175576
7285,7286,34315.84,34272.19,-0.12720073295595907,-14.184133555562068,11136.800004620014
7287,7295,34425.6,34507.68,0.2384272169548294,26.55316230884081,11163.353166928855
7344,7345,34594.32,34677.59,0.24070425434000955,26.870665999797943,11190.223832928654
7346,7347,34681.92,34404.25,-0.8006188815382721,-89.59104489282255,11100.632788035831
7405,7406,34897.19,34882.92,-0.04089154456276873,-4.539220203268989,11096.093567832562
7407,7412,34954.59,34645.92,-0.8830599929794579,-97.98516308109632,10998.108404751465
7437,7439,35115.73,34924.9,-0.5434316757760745,-59.767204807610185,10938.341199943854
7440,7441,34940.61,34814.33,-0.3614132666830912,-39.53261625165952,10898.808583692195
7442,7443,34919.01,34893.16,-0.07402844467812388,-8.068218482953192,10890.740365209242
7452,7454,34780.01,34721.23,-0.16900512679553237,-18.405909563194104,10872.334455646047
7456,7464,34850.0,35375.06,1.5066284074605385,163.80567946288346,11036.14013510893
7467,7468,35346.32,35259.19,-0.24650373787143154,-27.204497949772765,11008.935637159157
7523,7536,37185.32,37053.25,-0.3551670390358338,-39.10011073185888,10969.835526427298
7620,7622,36503.26,36147.09,-0.9757210725836694,-107.03499685912084,10862.800529568176
7623,7624,36268.9,36091.09,-0.49025473615137194,-53.25539407488429,10809.545135493292
7633,7634,35480.6,35381.99,-0.27792652886366237,-30.042593581027376,10779.502541912265
7635,7656,35578.84,37433.37,5.212452120417659,561.8764088163813,11341.378950728646
7694,7695,36044.8,35978.95,-0.1826893199574025,-20.719488078878154,11320.659462649768
7736,7737,36627.88,36530.53,-0.2657811481308734,-30.088178695816918,11290.571283953952
7739,7740,36492.63,36487.04,-0.015318161502737699,-1.7295079438577918,11288.841776010095
7799,7800,36108.17,36093.02,-0.041957263411580965,-4.736489080077151,11284.105286930018
7839,7840,37084.0,37169.78,0.2313126955021002,26.101568102492823,11310.206855032511
7972,7977,38035.73,37973.38,-0.1639248149043171,-18.54023565240743,11291.666619380103
8016,8027,37946.02,38360.95,1.0934743617380698,123.47147949585728,11415.138098875961
8062,8065,39450.35,39364.16,-0.21847714912540717,-24.9394682871524,11390.19863058881
8092,8101,41500.0,41645.93,0.3516385542168682,40.05232978703201,11430.25096037584
8105,8112,41725.89,41805.07,0.18976227948642987,21.69030477342874,11451.94126514927
8114,8115,41829.99,41777.79,-0.12479084981850841,-14.290974825496217,11437.650290323772
8148,8150,44095.06,43785.2,-0.7027091016544724,-80.37340960551434,11357.276880718258
8151,8152,43853.24,43961.12,0.2460023478310945,27.93916777624501,11385.216048494503
8193,8208,43349.99,44118.7,1.7732645382386458,201.88999878980826,11587.106047284311
8324,8329,42988.49,42765.99,-0.517580403498704,-59.97259023335687,11527.133457050953
8372,8374,42238.03,41940.3,-0.7048860943561902,-81.25316081663215,11445.880296234322
8382,8383,42222.67,42179.13,-0.1031199590172788,-11.802987070643622,11434.077309163678
8452,8453,42958.78,42907.1,-0.12030136796249868,-13.755351416813566,11420.321957746864
8454,8458,43036.16,42976.11,-0.13953382457915137,-15.935212006896814,11404.386745739968
8540,8544,43706.24,43638.46,-0.15508083056332195,-17.686017685946943,11386.700728054022
8590,8591,42991.5,42921.66,-0.16245071700219,-18.497776975617345,11368.202951078405
8592,8593,43047.91,43063.59,0.036424532573109854,4.140814786892789,11372.343765865298
8594,8599,43152.78,43114.55,-0.0885922065739355,-10.075010281353462,11362.268755583946
8716,8718,42104.0,41947.16,-0.37250617518524726,-42.32515275569415,11319.94360282825
8857,8858,43506.0,43465.21,-0.09375718291730077,-10.61326022983897,11309.330342598412
8859,8860,43589.88,43644.15,0.12450137508982378,14.080271789985702,11323.410614388398
8861,8865,43844.82,43628.18,-0.494106259302694,-55.94968061223871,11267.46093377616
8948,8951,47071.41,46668.88,-0.8551475301037426,-96.3534138805909,11171.107519895568
8964,8969,46834.0,46640.5,-0.4131613784857155,-46.15470182132195,11124.952818074245
9021,9022,46399.99,46339.16,-0.13109916618515322,-14.584720382987042,11110.368097691258
9097,9105,42399.72,42565.26,0.39042710659410224,43.377888695770174,11153.745986387028
9176,9177,42743.84,42447.66,-0.6929185585571934,-77.28637591400381,11076.459610473024
9178,9179,42544.59,42433.44,-0.26125530884183906,-28.937838764082866,11047.521771708942
9302,9314,39204.0,39614.0,1.0458116518722578,115.53626993165662,11163.0580416406
9320,9323,40024.81,40029.66,0.01211748413048262,1.3526817866723637,11164.410723427272
9330,9331,39803.05,39544.4,-0.6498245737449804,-72.54908439465015,11091.861639032622
9408,9418,42100.0,42471.98,0.8835629453681786,98.00357939399977,11189.865218426623
9481,9482,42883.0,42930.07,0.10976377585523334,12.282418576856514,11202.14763700348
9483,9488,42962.64,42646.0,-0.7370124368521102,-82.56122127925042,11119.586415724229
9490,9491,42647.98,42622.81,-0.059018035555272554,-6.562561464431382,11113.023854259798
9568,9569,43230.01,43070.35,-0.36932677091678556,-41.043372152149814,11071.980482107649
9571,9572,43065.15,43045.02,-0.04674313220784011,-5.175390474777831,11066.80509163287
9588,9589,42995.52,42874.0,-0.2826340976920312,-31.278564714072324,11035.526526918798
9590,9591,42943.21,42913.16,-0.06997613825327831,-7.7222352994539,11027.804291619344
9598,9599,42582.88,42360.96,-0.5211484051806695,-57.47122619221964,10970.333065427125
9600,9601,42529.67,42447.06,-0.19424086761077758,-21.308870126077657,10949.024195301046
9602,9614,42718.31,42644.03,-0.17388328330404185,-19.038522760543408,10929.985672540502
9651,9652,42929.18,43029.12,0.23280202417097726,25.44522788727209,10955.430900427775
9740,9744,47941.63,47626.58,-0.657153292451666,-71.99397486442832,10883.436925563346
9789,9793,50021.1,49947.57,-0.1469979668579836,-15.998431004849158,10867.438494558497
9795,9798,49902.46,49983.09,0.1615752009019142,17.559085580474854,10884.997580138972
9799,9801,50117.98,49861.09,-0.5125705385572338,-55.79329071846019,10829.204289420511
9820,9831,49539.05,51581.35,4.122606307549288,446.44545909304804,11275.649748513559
9845,9846,51974.5,51776.61,-0.3807444035055641,-42.93140537635459,11232.718343137205
9847,9854,51934.01,51948.23,0.027380901262970377,3.07561951868196,11235.793962655887
9884,9889,51982.01,51935.85,-0.0887999521372942,-9.97737966108342,11225.816582994805
9908,9912,51803.8,51530.83,-0.5269304568390758,-59.15224660469125,11166.664336390113
9964,9968,51909.1,51761.33,-0.2846707032100283,-31.788221891505174,11134.876114498607
10136,10144,56615.94,56759.99,0.25443364536559077,28.330871205061257,11163.20698570367
10149,10152,56892.91,56772.64,-0.2113971670635305,-23.598703321215694,11139.608282382454
10288,10299,66858.74,67326.17,0.6991307344409915,77.88042519846998,11217.488707580924
10305,10306,66810.18,66656.31,-0.23030921335640073,-25.834910000772705,11191.653797580151
10307,10310,67325.03,66773.05,-0.8198733814154943,-91.75739042653596,11099.896407153616
10312,10313,65575.2,63988.37,-2.4198629969866574,-268.6022858605618,10831.294121293055
10315,10316,61886.32,63264.24,2.22653407085766,241.16245392539267,11072.456575218448
10422,10428,69347.16,69313.56,-0.048451876039344394,-5.36481293433508,11067.091762284113
10672,10682,64107.58,66654.45,3.972806335849825,439.6741227263373,11506.76588501045
10708,10711,66430.01,65858.68,-0.8600480415402644,-98.96371463865565,11407.802170371795
10718,10719,63877.04,63270.62,-0.9493551986754525,-108.30056295903573,11299.50160741276
10741,10746,65248.0,64872.9,-0.574883521333985,-64.9589727338847,11234.542634678875
10777,10782,66700.01,66821.19,0.18167913318155063,20.41081967559632,11254.953454354472
10837,10838,70050.74,68874.0,-1.6798394991973036,-189.0651537425178,11065.888300611954
10839,10840,69244.0,68680.01,-0.8144965628791018,-90.13127986052501,10975.757020751429
10844,10849,68941.99,69146.89,0.2972063904740698,32.62065126857963,11008.37767202001
10888,10889,69404.29,69513.98,0.1580449854036434,17.398188884921964,11025.77586090493
10890,10891,69665.99,69615.59,-0.07234520029071391,-7.976619630176859,11017.799241274754
10896,10898,69976.07,69773.99,-0.28878443730835657,-31.817689542679677,10985.981551732073
10899,10902,70068.52,69852.18,-0.3087549159023354,-33.91975810109644,10952.061793630977
11009,11010,66003.07,65784.0,-0.33190880363596265,-36.35085727271193,10915.710936358266
11020,11021,65591.57,65768.0,0.26898273665349526,29.361378001801338,10945.072314360068
11022,11035,66091.6,67931.26,2.78350047509818,304.65613987005185,11249.72845423012
11085,11093,69056.0,69244.09,0.2723731464318763,30.641239355828663,11280.36969358595
11133,11134,71916.09,71620.0,-0.4117159317198648,-46.44307918539265,11233.926614400558
11195,11196,70858.83,70284.0,-0.8112327002859089,-91.13328622213902,11142.793328178419
11205,11206,70151.26,70006.23,-0.20673898088216638,-23.036497368482095,11119.756830809936
11207,11215,70301.63,70759.99,0.6519905726225701,72.49976623543506,11192.25659704537
11305,11306,63401.55,62956.0,-0.702743071738787,-78.65280780696366,11113.603789238407
11440,11441,64822.0,64772.0,-0.07713430625404956,-8.572401182652808,11105.031388055753
11443,11444,64646.17,64661.7,0.0240230782426845,2.6677703792273064,11107.69915843498
11445,11448,65030.42,64658.0,-0.5726858291857846,-63.61221902894578,11044.086939406034
11476,11477,66490.01,66378.16,-0.16822075978029072,-18.578446960264685,11025.50849244577
11479,11480,66215.07,66058.99,-0.23571673336598714,-25.98896845538266,10999.519523990388
11481,11482,66210.74,66043.99,-0.2518473589028003,-27.701999413167666,10971.81752457722
11483,11490,66134.91,66484.43,0.5284954648006469,57.985558023593214,11029.803082600813
11641,11642,63780.91,63647.99,-0.2084009149446214,-22.98621054073015,11006.816872060082
11733,11737,62782.43,62699.07,-0.1327760011837716,-14.614411300342068,10992.20246075974
11740,11742,63384.01,62959.03,-0.6704845591183064,-73.70102020641656,10918.501440553324
11743,11750,63160.95,63609.17,0.709647337476718,77.48285476524377,10995.984295318567
11792,11793,65166.2,64007.17,-1.7785753964478501,-195.57187127380556,10800.412424044762
11794,11795,64203.56,63593.99,-0.9494333336033075,-102.54271572051398,10697.869708324248
11796,11797,63870.0,63271.97,-0.9363237826835742,-100.16669831954185,10597.703010004707
11798,11799,63632.01,63192.43,-0.6908158331003558,-73.2106103380655,10524.492399666642
11844,11846,62447.61,62273.08,-0.2794822732207026,-29.41409060352841,10495.078309063114
11847,11850,62444.45,62179.45,-0.4243771864433109,-44.53871804302425,10450.53959102009
11900,11906,60710.0,60731.9,0.03607313457420763,3.769837210399525,10454.309428230488
11966,11968,63002.0,62810.51,-0.3039427319767594,-31.775113685467684,10422.53431454502
11988,11991,61695.98,61427.54,-0.4351012821256787,-45.3485804325742,10377.185734112447
11996,11999,61694.56,61438.35,-0.4152878308881677,-43.09518954243196,10334.090544570015
12093,12101,66932.01,67022.65,0.13542100409056806,13.994529179085168,10348.0850737491
12148,12149,71209.86,71205.41,-0.006249134600176281,-0.6466657647993322,10347.4384079843
12151,12152,70916.0,70990.02,0.10437700941960076,10.80034676178916,10358.23875474609
12281,12282,68800.16,68903.54,0.15026127846212872,15.564421979041155,10373.80317672513
12288,12291,69074.01,68770.01,-0.4401076468558869,-45.65590105054621,10328.147275674584
12313,12314,68680.0,68050.3,-0.9168608037274274,-94.69473412190239,10233.452541552682
12328,12329,67782.67,67879.43,0.14275035197048858,14.608289521799364,10248.060831074481
12330,12340,68424.29,68584.73,0.23447813634602907,24.029462048310823,10272.090293122792
12430,12432,67766.85,67755.0,-0.017486425885231232,-1.7962214559709484,10270.294071666822
12650,12651,68464.0,68024.04,-0.6426150969852863,-65.99846020931585,10204.295611457506
12659,12660,67019.99,66812.0,-0.310340243261757,-31.66803582374602,10172.62757563376
12817,12818,65467.43,65500.0,0.04974992908687527,5.060875005149715,10177.68845063891
12819,12820,65574.21,65596.01,0.033244777176863215,3.383549847170248,10181.072000486081
12822,12824,65672.51,65469.92,-0.3084852398667213,-31.40710438170309,10149.664896104377
12864,12876,65158.56,65142.65,-0.02441735974520649,-2.4782801906147442,10147.186615913763
12880,12881,64970.02,65116.01,0.22470364023284162,22.801097707177917,10169.98771362094
12883,12885,65099.99,64989.95,-0.16903228402953804,-17.19056251785687,10152.797151103083
12984,12990,60492.0,60685.16,0.3193149507372933,32.41939922150213,10185.216550324585
13052,13053,61536.04,61640.01,0.1689578984933076,17.20872784042098,10202.425278165007
13054,13055,61706.47,61560.0,-0.23736570897671047,-24.217059094335493,10178.208219070671
13056,13060,62091.99,61604.01,-0.78589847096219,-79.99038276502436,10098.217836305646
13116,13134,61719.61,63277.84,2.524691909103113,254.9488886768161,10353.166724982462
13269,13271,58106.46,57931.79,-0.30060340967251875,-31.121972184377924,10322.044752798085
13408,13410,58161.82,57576.01,-1.0072071334769057,-103.96437107086096,10218.080381727224
13432,13433,58708.0,58643.8,-0.10935477277372264,-11.173958583274137,10206.90642314395
13436,13449,58686.0,59920.51,2.103585182155884,214.71097107377327,10421.617394217723
13554,13559,63555.0,63600.0,0.07080481472740147,7.379006887574503,10428.996401105298
13585,13586,66570.57,66602.01,0.04722807691144566,4.92541444140591,10433.921815546704
13587,13588,66660.84,66537.32,-0.18529619488741744,-19.333660101736186,10414.588155444968
13633,13634,68070.62,67880.01,-0.2800180165833668,-29.16272318820324,10385.425432256765
13635,13636,67923.98,67626.01,-0.4386815966908906,-45.5589501093658,10339.8664821474
13640,13641,67427.22,67422.01,-0.007726849779668215,-0.7989459504937939,10339.067536196906
13642,13644,67516.01,67098.0,-0.6191272262682507,-64.01198205885707,10275.055554138049
13804,13812,69662.07,69273.6,-0.5576492343681448,-57.298768628552374,10217.756785509497
13868,13869,64978.0,64980.01,0.0030933546738927593,0.3160714570915526,10218.072856966588
13871,13872,64645.9,64202.0,-0.6866638100792184,-70.16380839631722,10147.90904857027
13898,13899,64609.18,64531.99,-0.11947218646019395,-12.123928820318767,10135.785119749951
13945,13947,60886.95,60564.12,-0.5302121390544189,-53.74116309338571,10082.043956656566
13969,13970,54697.98,53890.87,-1.47557551485448,-148.7681720212901,9933.275784635276
13974,13975,52674.19,52752.0,0.14771940489260046,14.673375875404021,9947.94916051068
14024,14026,57350.01,56963.38,-0.6741585572522213,-67.06495053668326,9880.884209973996
14027,14028,57292.0,56834.0,-0.7994135306849124,-78.98912532584113,9801.895084648155
14111,14115,61095.15,60895.99,-0.32598332273511643,-31.95254328794611,9769.94254136021
14176,14181,61167.58,60585.14,-0.9522037654587648,-93.02976076198966,9676.912780598219
14182,14183,60587.15,60786.85,0.32960784588810843,31.895863764600843,9708.80864436282
14193,14196,61100.0,59611.92,-2.435482815057286,-236.45636608025276,9472.352278282568
14297,14298,59602.17,59708.38,0.17819820989738985,16.87956219507416,9489.231840477642
14299,14300,59814.53,59439.33,-0.6272723366713692,-59.523326297927674,9429.708514179714
14313,14314,58046.01,58396.95,0.6045893593719793,57.011014296524124,9486.719528476238
14315,14316,58412.0,58199.99,-0.36295624186811276,-34.432640677125704,9452.286887799113
14336,14337,60856.04,60716.01,-0.23010041402628045,-21.74975126377758,9430.537136535335
14339,14341,60693.71,59461.8,-2.0297160941389087,-191.4131300240043,9239.12400651133
14376,14377,60970.0,60186.48,-1.2850910283746053,-118.7311537080815,9120.392852803248
14378,14379,60548.9,60834.52,0.4717179007380734,43.02252570430877,9163.415378507558
14484,14485,63766.0,63500.6,-0.41620926512561784,-38.13898380729416,9125.276394700264
14486,14488,63532.53,63375.99,-0.24639346174314303,-22.484084402531856,9102.792310297733
14489,14490,63643.94,63342.99,-0.4728651306000294,-43.04393074633881,9059.748379551394
14491,14492,63417.01,63155.81,-0.4118768765667198,-37.315008650500296,9022.433370900893
14527,14532,59223.99,59334.0,0.18575242904100525,16.75938914505466,9039.192760045948
14556,14561,60626.01,59161.0,-2.4164710822961992,-218.429479119522,8820.763280926425
14611,14615,58951.08,58930.0,-0.035758462779650085,-3.1541693546911174,8817.609111571734
14660,14666,59047.0,59110.99,0.10837129744101812,9.555757397487719,8827.164868969221
14744,14745,55889.86,56178.01,0.5155675823843564,45.510000508025854,8872.674869477247
14747,14748,56873.99,55896.01,-1.7195558110130764,-152.57059631039292,8720.104273166853
14790,14795,54436.25,54194.7,-0.44373005120669207,-38.69372315660022,8681.410550010252
14804,14811,54464.0,54849.65,0.7080824030552318,61.47154044160301,8742.882090451856
14817,14821,55364.0,54840.01,-0.9464453435445379,-82.74660043667095,8660.135490015185
14861,14862,56460.0,56712.0,0.4463336875664187,38.65310208083292,8698.788592096018
14933,14934,60046.0,60138.14,0.15344902241614664,13.348206056618626,8712.136798152636
15029,15031,60453.99,60198.05,-0.423363288345393,-36.88398883380803,8675.252809318828
15039,15053,59915.26,62020.6,3.5138627454841997,304.83647654322573,8980.089285862054
15064,15066,63709.22,63251.99,-0.7176826211339633,-64.448540166945,8915.64074569511
15220,15234,63594.0,64711.06,1.7565493600025122,156.60763045863064,9072.24837615374
15295,15296,65559.91,65579.91,0.03050644822422727,2.7676207536446404,9075.015996907385
15425,15429,62345.0,62213.14,-0.2115005212928071,-19.193706140864755,9055.82229076652
15581,15597,60800.0,62450.27,2.7142598684210473,245.79855019380324,9301.620840960324
15653,15668,64095.99,65782.14,2.630663790355686,244.69437137932132,9546.315212339645
15677,15678,65564.98,65638.74,0.11249908106432628,10.739516889386088,9557.05472922903
15679,15682,65754.0,65399.69,-0.5388417434680745,-51.49740032717576,9505.557328901854
15740,15751,67084.0,67922.45,1.249850933158424,118.80529697718877,9624.362625879043
15889,15893,67459.63,67119.99,-0.5034714836117533,-48.45592130068831,9575.906704578354
15904,15911,67653.44,67989.27,0.49639752243197355,47.53456363192419,9623.441268210277
15913,15914,68066.99,68008.0,-0.08666462260194734,-8.340119056414492,9615.101149153863
15916,15917,67757.21,67646.21,-0.1638202045214081,-15.751478367484118,9599.34967078638
15919,15926,67658.5,67690.01,0.04657212323654051,4.470620958585079,9603.820291744965
15992,15998,68574.0,68494.2,-0.11637063610115046,-11.17602676351498,9592.64426498145
15999,16019,68709.27,71108.01,3.4911446446745695,334.89308653958216,9927.537351521032
16049,16050,71974.75,71822.01,-0.2122133109180723,-21.06755570629109,9906.46979581474
16051,16055,72857.14,72165.99,-0.9486372921034152,-93.97646681405968,9812.493329000681
16189,16194,69964.0,68995.99,-1.3835829855354107,-135.76398815685064,9676.72934084383
16270,16271,76509.78,76430.0,-0.1042742509519683,-10.090337036814242,9666.639003807017
16288,16290,76238.77,76204.92,-0.04439998179404759,-4.291985957786619,9662.34701784923
16291,16314,76294.0,79748.99,4.528521246755977,437.56143763859495,10099.908455487825
16316,16324,79873.97,80731.99,1.0742172950712279,108.49496341521154,10208.403418903035
16361,16366,88796.41,87952.01,-0.9509393454082307,-97.07572464834796,10111.327694254687
16376,16386,87400.02,90193.51,3.1962120832466523,323.1794775404334,10434.507171795121
16389,16390,89715.12,90375.2,0.735751119766659,76.77200335861494,10511.279175153737
16398,16404,90769.42,90754.42,-0.016525389277578285,-1.7370298017471748,10509.54214535199
16408,16409,89239.35,89111.55,-0.1432103662790046,-15.050753800604944,10494.491391551386
16410,16411,89463.99,87612.66,-2.0693577382363584,-217.16856969961708,10277.322821851769
16412,16413,88227.22,87640.01,-0.6655655703534651,-68.40232225632455,10208.920499595444
16415,16416,87870.27,88098.99,0.2602928157612366,26.573086627223084,10235.493586222667
16417,16419,88364.07,87454.57,-1.0292644963048894,-105.350301504554,10130.143284718113
16466,16474,90247.86,90684.19,0.48347960826993763,48.97717707013853,10179.120461788252
16475,16476,91080.68,90504.01,-0.6331419572185872,-64.44828251940383,10114.672179268848
16479,16480,90446.92,90578.66,0.14565448994836447,14.73247417266316,10129.40465344151
16516,16522,91877.0,91652.02,-0.24487085995406457,-24.803960283109262,10104.600693158402
16584,16592,98081.6,98702.0,0.6325345426665084,63.91508978274634,10168.515782941147
16660,16667,98082.69,97900.0,-0.1862612047039109,-18.939999997813498,10149.575782943333
16708,16725,92768.01,96047.47,3.5351194878493204,358.799631436865,10508.375414380198
16802,16819,96336.75,97099.99,0.7922625581618701,83.25392387922156,10591.62933825942
16918,16919,96945.63,97551.99,0.6254639842971783,66.24682686106622,10657.876165120486
16947,16948,99494.57,99155.98,-0.34031002897948204,-36.269821466118835,10621.606343654366
16988,16991,100026.97,99656.36,-0.37051007343319564,-39.354121463658764,10582.252222190707
16996,16997,99435.87,99044.64,-0.39344956704255307,-41.63582555156029,10540.616396639147
16998,16999,99576.51,98901.15,-0.6782322457374743,-71.48985930149813,10469.126537337648
17028,17030,97738.36,95658.79,-2.1276907040388306,-222.75063212899548,10246.375905208653
17031,17032,96319.77,94484.01,-1.9059015610191026,-195.28583832525692,10051.090066883397
17033,17034,95132.03,95856.5,0.7615416174762603,76.54323386933955,10127.633300752736
17035,17040,96434.76,95752.02,-0.707981230004607,-71.70174281302539,10055.93155793971
17045,17063,97689.57,100772.46,3.155802610247951,317.3453505902088,10373.276908529919
17222,17223,104428.54,104199.62,-0.21921210427723903,-22.739478593693363,10350.537429936225
17321,17322,95955.22,94836.55,-1.1658250588138908,-120.66915908010778,10229.868270856117
17323,17324,95592.49,95203.11,-0.40733325389892516,-41.669655297251936,10188.198615558866
17325,17326,95547.41,95186.27,-0.37796942899865044,-38.50827613247625,10149.69033942639
17524,17536,92596.08,94120.94,1.6467867754228909,167.14375825604853,10316.834097682438
